Category,count,mean,median,std
wearables,2,0.5638888888888889,0.5638888888888889,0.1139227591911659
communication,8,0.55625,0.5833333333333334,0.09733836600020995
ANDROID_WEAR,5,0.5555555555555556,0.6166666666666667,0.25561593489616313
recipes,2,0.5444444444444444,0.5444444444444444,0.11785113019775796
group planning tools,6,0.512962962962963,0.45555555555555555,0.16754091693594322
edge AI apps,9,0.49074074074074076,0.5777777777777777,0.17719087148685622
home renovation estimator,1,0.4888888888888889,0.4888888888888889,
tools,12,0.488425925925926,0.49722222222222234,0.19813182380284555
video editing suite,2,0.47777777777777786,0.47777777777777786,0.07856742013183866
graphic design studio,3,0.4777777777777777,0.6055555555555555,0.2759383541819476
CRM mobile,8,0.45625,0.5222222222222221,0.14165304945447904
sleep tracker,12,0.4550925925925926,0.41388888888888886,0.14501554414405696
woodworking calculators,6,0.45092592592592595,0.475,0.05915210218931902
remote desktop,31,0.44802867383512546,0.4111111111111111,0.20109038355993417
fitness,14,0.44484126984126987,0.4611111111111111,0.09910483206400388
wellness,9,0.4351851851851852,0.3444444444444444,0.14155769229156562
home,10,0.4344444444444444,0.40555555555555556,0.23555380851902805
learning,7,0.4317460317460317,0.4333333333333333,0.21988853998705046
lead management tools,8,0.43125,0.4138888888888889,0.07906739808007748
EV charging locator,9,0.4308641975308642,0.4555555555555555,0.15358652382869814
videos,6,0.4305555555555556,0.4444444444444444,0.19279458780375486
Personalization,28,0.414484126984127,0.3277777777777777,0.20387949365394417
clinical reference guide,20,0.41194444444444445,0.4555555555555556,0.16927083427050532
live streaming,19,0.4105263157894737,0.4166666666666667,0.11857485259608296
contract template apps,4,0.4097222222222222,0.4083333333333333,0.20124995207422178
AI assistant,27,0.4084362139917696,0.4111111111111111,0.12156359418850866
sports,20,0.40777777777777774,0.3583333333333333,0.1700762356295727
furniture layout planner,10,0.40555555555555556,0.37777777777777777,0.1784708711578779
productivity,17,0.4049019607843137,0.4,0.1907474167031882
PDF tools,22,0.4035353535353536,0.3944444444444445,0.15823045441236452
card games,35,0.40015873015873016,0.3777777777777778,0.17216679328497744
security,10,0.3983333333333333,0.39444444444444443,0.10810913806835216
House and Home,42,0.39814814814814814,0.41944444444444445,0.16255852334465384
composting guides,16,0.3979166666666667,0.3416666666666667,0.2153174993222875
password manager,28,0.39781746031746035,0.4083333333333333,0.16482757119252528
workout,6,0.39351851851851855,0.38888888888888884,0.07717357913737333
neighborhood watch apps,12,0.3912037037037037,0.43333333333333335,0.09919593499931877
web,13,0.38974358974358975,0.3944444444444444,0.22447751582814998
mushroom safety apps,5,0.38777777777777783,0.3666666666666667,0.18935400252332915
smart home,24,0.38680555555555557,0.37222222222222223,0.14258193960247967
healthcare,5,0.38666666666666666,0.3888888888888889,0.13383009312991045
translation tools,4,0.3861111111111112,0.3388888888888889,0.2041997327721012
music,3,0.38518518518518524,0.3555555555555555,0.11403558754326415
stocks,12,0.38518518518518513,0.3583333333333334,0.12854039732650574
photos,14,0.38412698412698415,0.37777777777777777,0.14965704927343854
survival guide apps,15,0.38407407407407407,0.3944444444444445,0.14341616080242242
baking,20,0.3838888888888889,0.4027777777777778,0.14762468436341636
community,25,0.3837777777777778,0.3777777777777778,0.14326369252782722
WATCH_FACE,3,0.38333333333333347,0.3833333333333334,0.0
toll calculator,7,0.38333333333333336,0.4111111111111111,0.20680302152515606
device cleaner,22,0.38333333333333336,0.3833333333333333,0.12973540657879257
messaging,12,0.3814814814814815,0.375,0.14170544791687742
law school outlines,15,0.38074074074074077,0.35,0.2066025103809448
sleep,16,0.3795138888888889,0.3555555555555555,0.15207371439224301
freelance,10,0.3783333333333333,0.34444444444444444,0.1388135598188259
event RSVPs,20,0.37777777777777777,0.3555555555555555,0.155785127171862
Health and Fitness,42,0.3776455026455026,0.36944444444444446,0.13849259503203903
DIY project planner,14,0.376984126984127,0.3666666666666666,0.16045189542292962
vehicle maintenance log,7,0.373015873015873,0.4111111111111111,0.09815313953565352
insurance,29,0.3724137931034483,0.3666666666666667,0.1559694236319103
watch+tv,12,0.3717592592592593,0.33333333333333337,0.17456790222673058
animation software,7,0.37142857142857144,0.3888888888888889,0.1277145000899105
manga drawing tools,15,0.3711111111111111,0.3277777777777778,0.19605006019456553
virtual tours,23,0.3710144927536232,0.35,0.16612670547505393
foraging guides,7,0.37063492063492065,0.4055555555555556,0.1987283203931404
GAME_RACING,21,0.37063492063492065,0.35,0.15373079381337462
doll customization,6,0.3703703703703704,0.32777777777777783,0.19365447997185276
robotics controller,4,0.3694444444444444,0.33333333333333326,0.19592032478166077
banking,11,0.3686868686868687,0.3277777777777778,0.21926184705907587
food,22,0.36843434343434345,0.38611111111111107,0.14324272559241918
virtual pet,28,0.36686507936507934,0.313888888888889,0.1363385782414927
mutual funds analyzer,3,0.3666666666666667,0.35,0.04409585518440978
nutrition,21,0.3664021164021164,0.3611111111111111,0.17028911681002648
marine navigation aids,11,0.36616161616161613,0.3222222222222222,0.10518808977826764
events,19,0.36578947368421055,0.3666666666666667,0.1478383700838492
Medical,43,0.36576227390180877,0.3611111111111111,0.13106497614771695
mobile,21,0.3656084656084656,0.4,0.18879588435514558
entertainment,18,0.36358024691358026,0.3222222222222222,0.13496041839145767
developer tools,21,0.36322751322751323,0.3277777777777778,0.17678085225411702
invoice generator,14,0.3630952380952381,0.32499999999999996,0.12515151582342865
scanner,32,0.3626736111111111,0.3138888888888889,0.18551828427751907
organizer,4,0.3625,0.4,0.17191579669205326
audiobook narrator tools,6,0.3620370370370371,0.36944444444444446,0.10173899471327348
aviation tools,14,0.3619047619047619,0.38055555555555554,0.17626031241991036
talk,15,0.36185185185185187,0.3722222222222222,0.16740401270145205
Maps and Navigation,39,0.36125356125356123,0.35,0.1282250446868198
education technology,34,0.36111111111111116,0.3194444444444444,0.17476936862905607
retro computing tools,9,0.35987654320987655,0.3055555555555556,0.14062190402017968
voice assistant,13,0.3598290598290598,0.2666666666666667,0.2010025521170851
fitness tracker,14,0.35793650793650794,0.3944444444444445,0.14123176559499026
fleet management,20,0.35777777777777775,0.32499999999999996,0.17696634996191624
retail,18,0.3570987654320988,0.38888888888888895,0.10839499762613014
board games,42,0.3568783068783069,0.29444444444444445,0.19942256873564346
parenting community,18,0.3564814814814815,0.34444444444444444,0.18065733682266452
embassy locator,16,0.35625,0.2861111111111111,0.1540652819784883
eco apps,19,0.356140350877193,0.35,0.15992426552114083
news,11,0.356060606060606,0.3,0.1131058322675241
pollen forecast tool,7,0.35555555555555557,0.3222222222222222,0.13460046043984128
Video Players and Editors,37,0.35525525525525525,0.35,0.16420479046974606
AI photo editor,36,0.35509259259259257,0.31666666666666665,0.14700643065035393
digital audio workstation,5,0.35444444444444445,0.2888888888888889,0.18635556085539381
Communications,36,0.3541666666666667,0.3472222222222222,0.12019513088530731
PCB viewer,12,0.3537037037037037,0.33055555555555555,0.11687891547624449
crypto,17,0.3535947712418301,0.3166666666666667,0.14420307258789894
self-help,4,0.35277777777777775,0.3555555555555555,0.1349058504193434
language learning,40,0.35083333333333333,0.33055555555555555,0.15935803271070786
cloud storage,39,0.3507122507122507,0.3222222222222222,0.12785517289431086
birdwatching apps,20,0.35055555555555556,0.275,0.20032381193864507
games,17,0.35032679738562095,0.2888888888888889,0.14300121120196416
travel,7,0.35000000000000003,0.3111111111111111,0.13619611857923625
camera,17,0.35000000000000003,0.3333333333333334,0.1652952838534649
currency cheat sheet,1,0.35,0.35,
body language analyzer,10,0.34944444444444445,0.3611111111111111,0.08496146144819364
outdoors,7,0.34920634920634924,0.3388888888888889,0.21743521270143013
Travel and Local,33,0.34898989898989896,0.3444444444444444,0.12773591211380836
parenting,25,0.3488888888888889,0.3055555555555556,0.1501884961045283
Auto and Vehicles,36,0.3478395061728395,0.33333333333333337,0.11757603099638891
Finance,41,0.3475609756097561,0.3222222222222222,0.12923713000665762
role playing,41,0.3467479674796748,0.3777777777777778,0.1233344319880752
trivia,8,0.34652777777777777,0.30833333333333335,0.11668319988671233
transport tracking,27,0.3444444444444445,0.3555555555555555,0.13610893073432406
GAME_ACTION,29,0.342911877394636,0.3222222222222222,0.16396552251722843
ride,23,0.34251207729468597,0.3222222222222222,0.13839922465906174
photography,2,0.3416666666666667,0.3416666666666667,0.07463904912524659
career,34,0.34133986928104576,0.3111111111111111,0.11912349155838171
hobbies,19,0.3412280701754386,0.3277777777777778,0.119975360260037
public+transit,19,0.34093567251461987,0.3111111111111111,0.17266182968179877
jobs,19,0.33976608187134505,0.3222222222222222,0.1204026047707385
barcode,21,0.3396825396825397,0.3333333333333334,0.15878867968837745
green living,27,0.33868312757201646,0.2833333333333333,0.16780580425819175
bond calculator,7,0.3373015873015873,0.25,0.18296017820214358
document scanner,13,0.3371794871794872,0.3,0.1317300327164166
casino,41,0.33712737127371273,0.3333333333333334,0.12494714329622014
plant disease identifier,6,0.337037037037037,0.3111111111111111,0.1003491845892961
puzzle,39,0.33689458689458684,0.3222222222222222,0.11724645116615597
CNC tools,5,0.33666666666666667,0.25,0.182599541600171
dating,15,0.33629629629629626,0.3833333333333333,0.13761105290363246
recycling assistant,22,0.33611111111111114,0.3666666666666667,0.12084055503566933
astronomy apps,8,0.3361111111111111,0.30277777777777776,0.14324902159159364
text expander,11,0.33535353535353535,0.3722222222222222,0.09562248067439726
vendor management,14,0.33531746031746035,0.32500000000000007,0.1634244054322047
outfit randomizer,2,0.33333333333333337,0.33333333333333337,0.18856180831641264
projects,6,0.3333333333333333,0.3416666666666667,0.11423389477755445
fashion,22,0.3325757575757576,0.25555555555555554,0.14308780347009764
kids education,28,0.3325396825396826,0.3111111111111111,0.1182937131619829
mental health,33,0.331986531986532,0.3055555555555555,0.13391820724866857
ambient lighting controller,5,0.3311111111111111,0.3444444444444444,0.09031836694386924
construction estimator,12,0.33055555555555555,0.3555555555555555,0.11897665032312008
travel wardrobe planner,9,0.3302469135802469,0.3388888888888889,0.06945061700962658
real estate,27,0.32983539094650205,0.3111111111111111,0.13765389512707793
ecommerce,23,0.3294685990338164,0.3333333333333334,0.1079920132377598
gift,4,0.32916666666666666,0.275,0.21190761050737772
restaurant waitlist tracker,11,0.32878787878787874,0.3,0.1746039288977541
News and Magazines,40,0.3284722222222222,0.2861111111111111,0.13005944716707143
college club organizers,23,0.32753623188405795,0.2666666666666667,0.1744518291307485
smartwatch,22,0.32676767676767676,0.2972222222222223,0.12960660827667708
dance tutorial apps,5,0.3266666666666667,0.3055555555555556,0.04451383472002255
ethics scenario trainer,10,0.32666666666666666,0.3055555555555556,0.1537773139220864
estate planning tools,5,0.32555555555555554,0.3722222222222222,0.1297314414996621
home brewing,22,0.3255050505050505,0.29444444444444445,0.11209431511812787
recipe organizer,22,0.3252525252525253,0.3,0.17608926368523029
music games,23,0.3251207729468599,0.2777777777777778,0.12432612481718304
Music and Audio,33,0.32474747474747473,0.2666666666666667,0.15363453526628407
travel tipping guide,8,0.32361111111111107,0.3,0.16941516791056754
gardening,23,0.3231884057971014,0.3333333333333333,0.12422207059305997
note taking,32,0.32274305555555555,0.2666666666666667,0.1660823651119972
maps,9,0.32222222222222224,0.2444444444444445,0.2003469213361885
health,2,0.3222222222222222,0.3222222222222222,0.015713484026367727
quiz,32,0.3215277777777778,0.3166666666666667,0.13092014219370185
space weather apps,5,0.3211111111111111,0.2333333333333333,0.2014760347847669
speedometer apps,9,0.3209876543209877,0.3111111111111111,0.16355374814487111
oceanography,13,0.32094017094017097,0.3,0.13015410789215573
industrial IoT dashboard,3,0.32037037037037036,0.2833333333333333,0.18064812441862516
speech timing tools,3,0.32037037037037036,0.2555555555555555,0.14211077809592354
karaoke apps,18,0.32037037037037036,0.3583333333333333,0.12456168613529826
wine pairing apps,6,0.32037037037037036,0.2861111111111111,0.11405362972161338
skincare routine tracker,14,0.32023809523809527,0.3111111111111111,0.11554419616375344
retirement planner,17,0.31993464052287585,0.3555555555555555,0.14874810434949134
architecture sketch tools,18,0.3197530864197531,0.2777777777777778,0.15365579220193706
radio,19,0.3195906432748538,0.3,0.11150191182692074
calendar,18,0.3191358024691358,0.3416666666666667,0.09443910446691833
translation,24,0.3189814814814815,0.3055555555555556,0.15632930980565365
teleprompter,12,0.31851851851851853,0.2972222222222222,0.16185535750389082
notes,7,0.3174603174603175,0.3222222222222222,0.16372177831220125
parking locator,12,0.31712962962962965,0.3305555555555556,0.10563416353528211
calorie density guide,4,0.31666666666666665,0.30833333333333335,0.1737388419012432
STEM learning,19,0.316374269005848,0.3055555555555556,0.13177423959257253
macro automation,13,0.3162393162393162,0.2833333333333333,0.15408467186322336
chemistry lab simulator,8,0.3159722222222222,0.3055555555555556,0.1071285263784636
community bulletin board,15,0.31592592592592594,0.3333333333333333,0.13099582412307545
strategy,44,0.3156565656565657,0.3111111111111111,0.11893797875217842
camping,33,0.3153198653198653,0.2833333333333333,0.13511562194811425
shopping,22,0.3148989898989899,0.30833333333333335,0.09377111933213018
anonymous chat,21,0.3148148148148148,0.3111111111111111,0.11239993263328532
productivity tools,21,0.31481481481481477,0.2833333333333333,0.14891928932314405
word games,45,0.3145679012345679,0.3,0.11043537506769487
audio,13,0.3141025641025641,0.2777777777777778,0.1611368974353786
solar panel monitor,13,0.3141025641025641,0.3333333333333333,0.1068058357318337
art,15,0.31407407407407406,0.2722222222222223,0.13389212712060214
volunteering,33,0.3136363636363636,0.3,0.12086598304976408
motorcycle navigation apps,7,0.31349206349206354,0.2,0.19056600616136024
magic tricks learning,7,0.31349206349206343,0.3055555555555556,0.11165870355138997
IoT control,17,0.3133986928104575,0.3222222222222222,0.14082071529504867
compass tools,10,0.31333333333333335,0.25555555555555554,0.15777082231234602
3D modeling apps,11,0.31313131313131315,0.2722222222222223,0.15235340509779682
screenwriting tools,8,0.31180555555555556,0.2638888888888889,0.1178674972737618
inventory management,20,0.3113888888888889,0.2861111111111111,0.132789766764028
tree identification apps,4,0.31111111111111117,0.2666666666666667,0.10423146132940952
loan amortization apps,1,0.3111111111111111,0.3111111111111111,
streaming,3,0.3111111111111111,0.2611111111111111,0.19108203913244268
HVAC tools,16,0.3111111111111111,0.3166666666666667,0.08635270767877977
Weather,33,0.3111111111111111,0.2833333333333333,0.15009641962813497
typewriter simulation,13,0.3106837606837607,0.3111111111111111,0.10778497347260142
fragrance collection manager,11,0.3101010101010101,0.3,0.12733784609557514
beauty,24,0.3099537037037037,0.30000000000000004,0.09679483932350746
nail art design apps,4,0.30972222222222223,0.33611111111111114,0.10207467209414671
holiday tracker,3,0.30925925925925923,0.35,0.2030882959874305
carbon footprint tracker,23,0.3086956521739131,0.3277777777777778,0.13364679154566486
circuit design apps,6,0.30833333333333335,0.2638888888888889,0.1458373015333132
point of sale system,6,0.3083333333333333,0.2833333333333333,0.15205384036705674
arcade,43,0.3077519379844961,0.3166666666666667,0.12236126972035509
therapy,7,0.3071428571428572,0.2888888888888889,0.07499755042051048
simulation,30,0.30703703703703705,0.3166666666666667,0.09051356868490915
wedding planning apps,20,0.3061111111111111,0.25,0.18301762645150557
avalanche forecast apps,14,0.3059523809523809,0.2611111111111111,0.17809086061059196
AI art generator,26,0.3057692307692308,0.30833333333333335,0.10685724605817662
photo retouching studio,5,0.3055555555555555,0.2611111111111111,0.11992796191623835
gaming,10,0.30500000000000005,0.2972222222222223,0.05168292588981619
auction bidding apps,7,0.30476190476190473,0.2555555555555555,0.15353946730014553
hotel booking,20,0.3047222222222222,0.2888888888888889,0.17005593812704015
transportation,36,0.3044753086419753,0.2861111111111111,0.11099850996381766
interactive storytelling,15,0.30407407407407405,0.3055555555555556,0.12648529668031797
LiDAR tools,14,0.30357142857142855,0.2638888888888889,0.13062795124702437
VPN apps,18,0.3030864197530864,0.2861111111111111,0.11617890915854212
time clock apps,20,0.3030555555555556,0.2777777777777778,0.11828417835282531
cosplay helper,17,0.3026143790849673,0.2833333333333333,0.10614087800665319
car auction apps,12,0.3023148148148148,0.25277777777777777,0.16105813014853837
interior mood boards,10,0.3011111111111111,0.3,0.06613989413892206
sports games,32,0.30069444444444443,0.2777777777777778,0.12615653737930682
podcast,28,0.3005952380952381,0.2972222222222223,0.1202928457446412
drone controller,10,0.29944444444444446,0.3055555555555556,0.12068193296330057
tracker,7,0.2992063492063492,0.3,0.09794328224707902
data usage monitor,14,0.29682539682539677,0.26666666666666666,0.12364583274400566
subscription tracker,8,0.2965277777777778,0.29444444444444445,0.10056881873417478
jet lag minimizer,16,0.2965277777777778,0.27222222222222225,0.13244884096605386
Lifestyle,32,0.2960069444444444,0.29166666666666674,0.13948784381544493
file management,19,0.295906432748538,0.3166666666666667,0.14340607429341864
languages,8,0.29583333333333334,0.29999999999999993,0.17979387570911418
finance management,25,0.29555555555555557,0.2888888888888889,0.11863420280034791
Books and Reference,33,0.29461279461279466,0.25,0.1660839631318366
reading,9,0.2944444444444445,0.2722222222222223,0.15171346449357084
debate judge tools,6,0.29444444444444445,0.2972222222222223,0.13530943047440794
rental,2,0.29444444444444445,0.29444444444444445,0.015713484026367745
finance education,22,0.29343434343434344,0.2777777777777778,0.12390183532179513
social impact,16,0.2934027777777778,0.2694444444444444,0.12261248719629216
tax filing helper,7,0.2928571428571428,0.2166666666666667,0.13137897487122063
dance notation apps,15,0.2925925925925926,0.2666666666666667,0.13079034387353866
to-do list,10,0.2916666666666667,0.24166666666666664,0.16376590907963837
cooking,18,0.2916666666666667,0.3305555555555556,0.1512745415729447
astrophotography tools,11,0.2914141414141414,0.2777777777777778,0.08650853224042594
QR menu apps,9,0.291358024691358,0.2333333333333333,0.1636087792493492
tattoo stencil creator,14,0.29126984126984123,0.275,0.12500169582352588
journal,20,0.29111111111111115,0.2638888888888889,0.11167110345845216
smart mirror apps,17,0.2905228758169935,0.2555555555555555,0.09638057732901639
casual,45,0.2904938271604938,0.2555555555555555,0.11060251161482805
meditation,25,0.2902222222222222,0.2944444444444445,0.1265569700437975
altimeter apps,11,0.28989898989898993,0.25,0.16474481167607768
legal dictionary,7,0.28968253968253965,0.2666666666666667,0.1251512899856314
closet inventory,1,0.2888888888888889,0.2888888888888889,
finance tracker,5,0.28888888888888886,0.3388888888888889,0.09035253315161441
social,14,0.28888888888888886,0.2888888888888889,0.0647516990210748
Comics,30,0.28888888888888886,0.2694444444444445,0.15413969768597757
terminal,16,0.2881944444444445,0.2777777777777778,0.14231876063832777
budgeting,14,0.28809523809523807,0.29166666666666663,0.10545107611239814
meditation guide,16,0.28784722222222225,0.2666666666666667,0.140782918874818
rhetoric training,16,0.28784722222222225,0.2611111111111111,0.1513073174733716
satellite tracking apps,8,0.28750000000000003,0.2694444444444445,0.1159178539035964
navigation aid,12,0.28750000000000003,0.2583333333333333,0.12370825260290881
soundboard apps,14,0.2869047619047619,0.28055555555555556,0.1551828126169433
digital business card,6,0.28611111111111115,0.2777777777777778,0.05530499050997697
brainwave generator,11,0.28535353535353536,0.3,0.11921224788121972
business,12,0.2851851851851852,0.2694444444444445,0.12068206212903256
town hall apps,17,0.28398692810457515,0.2722222222222223,0.13482788458038344
livestock management,20,0.2838888888888889,0.29444444444444445,0.11838610414918019
pets,20,0.28361111111111115,0.24166666666666664,0.11970392052891794
public services,18,0.28271604938271605,0.26111111111111107,0.1386322974743251
character creator,14,0.28214285714285714,0.2277777777777778,0.10633268965832766
deals,9,0.2820987654320988,0.2722222222222223,0.0793383993955997
crypto wallet,13,0.28205128205128205,0.2333333333333333,0.12414634116004038
offline maps,18,0.28148148148148144,0.25,0.10231524610758969
micro journal apps,11,0.28131313131313135,0.25,0.16313428398958515
3D printing slicer remote,17,0.28104575163398693,0.2277777777777778,0.15530807227249738
automotive,18,0.28086419753086417,0.2638888888888889,0.10820081088641922
sleep soundscape generator,9,0.28024691358024695,0.2666666666666667,0.134517631339871
fishing tracker,23,0.2792270531400966,0.2722222222222223,0.10381631169969402
comic panel maker,7,0.2785714285714286,0.2388888888888889,0.10027885869062303
geology field tools,15,0.27814814814814814,0.2777777777777778,0.09365841597534091
voice changer,20,0.27805555555555556,0.24722222222222223,0.1314743086202034
wildlife tracker,12,0.2777777777777778,0.2833333333333333,0.09469663299603441
currency converter pro,1,0.2777777777777778,0.2777777777777778,
jewelry crafting apps,9,0.2771604938271605,0.2611111111111111,0.10128207632602543
government,24,0.2770833333333333,0.26388888888888895,0.10711801273693738
pilot logbook,12,0.27638888888888885,0.2361111111111111,0.17036510934637944
utilities,37,0.27627627627627627,0.2833333333333333,0.09274661863702598
anniversary reminder,2,0.275,0.275,0.21606040536255622
backup,14,0.2746031746031746,0.23333333333333334,0.1431519140370484
model building tools,10,0.2738888888888889,0.2472222222222222,0.13435947728315434
backpacking planner,11,0.2737373737373738,0.2833333333333333,0.14489440405937581
makeup tutorial apps,10,0.27277777777777773,0.30833333333333335,0.109257689882012
charity,7,0.2722222222222222,0.2444444444444445,0.08654312181887347
land surveying apps,10,0.27111111111111114,0.24444444444444452,0.07679270370005074
air fryer recipe finder,4,0.27083333333333337,0.2666666666666667,0.07729679319792719
flight booking,25,0.27066666666666667,0.2833333333333333,0.14701697782755338
political polling viewer,17,0.2705882352941177,0.2277777777777778,0.12137911074719854
chef knife skills apps,3,0.27037037037037037,0.3,0.05132002392796673
philosophy reference,12,0.27037037037037037,0.2277777777777778,0.13682985521429464
ballet training,17,0.26993464052287586,0.2333333333333333,0.1339116339533687
augmented reality,21,0.2698412698412699,0.2388888888888889,0.16127933199170189
metaverse,11,0.2691919191919192,0.2888888888888889,0.09422732023562953
fan fiction reader,13,0.2688034188034188,0.2333333333333333,0.0965596060379389
choreography planner,14,0.26825396825396824,0.21944444444444444,0.1370290617969917
love,20,0.2680555555555556,0.29166666666666674,0.13700921033528785
climate dashboard,5,0.2677777777777778,0.2,0.14012780762266924
wifi analyzer,12,0.26712962962962966,0.25,0.12068496832145446
motion graphics apps,9,0.26666666666666666,0.2,0.11547005383792514
DIY,23,0.26618357487922706,0.25,0.06727235469885925
idle games,33,0.264983164983165,0.2777777777777778,0.08904592084679565
currency converter,13,0.26452991452991453,0.2777777777777778,0.09822337599714252
gardening planner,5,0.2644444444444444,0.1777777777777778,0.1872724957229998
tide charts,12,0.26435185185185184,0.21388888888888885,0.17776922854022711
factory machine tracker,15,0.26333333333333336,0.25,0.09548446968286141
warehouse scanner,5,0.2633333333333333,0.2222222222222222,0.14383418093394307
app locker,9,0.2623456790123457,0.2444444444444445,0.06191253399408938
icebreaker prompts,4,0.2611111111111111,0.26111111111111107,0.1391479066234756
party game generators,5,0.2611111111111111,0.2111111111111111,0.1497425774660395
gesture control interface,2,0.26111111111111107,0.26111111111111107,0.05499719409228701
court case lookup,19,0.2605263157894737,0.2555555555555555,0.10327116703024006
Android Wear,9,0.26049382716049385,0.2888888888888889,0.0930636167505251
barista training,12,0.2601851851851852,0.21944444444444444,0.10857802806312643
bills,5,0.26,0.2722222222222223,0.039945951138327884
fermentation tracker,8,0.2597222222222222,0.2388888888888889,0.13613945283158718
food allergens checker,7,0.2563492063492064,0.2388888888888889,0.08311258239367728
animation,18,0.25617283950617287,0.2166666666666667,0.0984610869998464
roofing estimator,7,0.25555555555555554,0.3055555555555556,0.10877166781917341
battery saver,21,0.2552910052910053,0.2722222222222223,0.11248424019209616
agriculture tools,18,0.25524691358024687,0.21666666666666667,0.1236029001050831
diplomacy simulators,3,0.2537037037037037,0.2333333333333333,0.07704682986190636
passport photo generator,15,0.2525925925925926,0.2388888888888889,0.14143486586269685
education,9,0.2524691358024691,0.2444444444444444,0.1301444802282526
fuel price checker,10,0.25222222222222224,0.19166666666666665,0.12129841671881411
virtual reality,16,0.2517361111111111,0.23333333333333334,0.12498096562896018
manufacturing monitor,10,0.25166666666666665,0.22499999999999998,0.17617039544274368
stock sentiment tracker,17,0.25163398692810457,0.2333333333333333,0.08527290761252523
music mixing,13,0.25085470085470085,0.2555555555555555,0.09937681731770376
welding simulator,11,0.2505050505050505,0.2333333333333333,0.1355021421509534
tachometer apps,1,0.25,0.25,
visual novels platform,10,0.25,0.25,0.13491856000064437
plumbing calculators,11,0.2494949494949495,0.2333333333333333,0.08185558441753807
bluetooth device manager,5,0.24888888888888888,0.2333333333333333,0.07850847245306444
wind forecast tool,6,0.24814814814814812,0.28055555555555556,0.08618575020903775
farm weather apps,6,0.24722222222222223,0.21111111111111108,0.1366598914309752
airport lounge finder,17,0.24705882352941178,0.2333333333333333,0.1155888982187764
emulator,10,0.24666666666666667,0.2111111111111111,0.1170100765946735
loan calculator,6,0.24629629629629635,0.2694444444444445,0.0647565876020354
orchestra seating guides,10,0.24444444444444446,0.20833333333333331,0.124859317266945
public speaking counter,8,0.24375000000000002,0.25,0.08269264291483165
energy consumption tracker,7,0.24365079365079365,0.2388888888888889,0.06860069432309575
music interval trainer,6,0.2435185185185185,0.21388888888888885,0.08310462442501651
mesh communication,4,0.24305555555555555,0.2638888888888889,0.1068030570916171
etiquette guide,8,0.24236111111111114,0.2361111111111111,0.07628600575283347
productivity planner,10,0.24166666666666664,0.24444444444444446,0.08535610871475194
piercing aftercare apps,4,0.23888888888888887,0.26944444444444443,0.15010284540118105
food plating guides,11,0.23535353535353537,0.2222222222222222,0.1634933593862818
meal seasoning guide,10,0.23500000000000001,0.23333333333333328,0.09795753678173864
social skills coach,6,0.23425925925925925,0.2222222222222222,0.06698227761433091
finance calculator,11,0.2333333333333333,0.2555555555555555,0.06416606541324849
calligraphy practice,8,0.23194444444444443,0.2333333333333333,0.07463904912524666
time management,17,0.230718954248366,0.1833333333333333,0.19694931868927956
sheet music scanner,6,0.22870370370370371,0.24722222222222223,0.09884622467088586
animation meme creator,5,0.22666666666666666,0.2277777777777778,0.0710807226736087
clipboard manager,13,0.22478632478632482,0.1666666666666667,0.14790400110294585
country factbook,17,0.22320261437908498,0.2222222222222222,0.09746468365843637
VR experiences,7,0.22142857142857145,0.2222222222222222,0.024517687289095588
goal setting,9,0.22098765432098766,0.1944444444444444,0.1075031501755555
microwave cooking guide,9,0.22098765432098763,0.2111111111111111,0.10273188832059374
visa requirements checker,13,0.21965811965811963,0.1944444444444444,0.05384474063175103
bluetooth automation,4,0.21944444444444447,0.225,0.04409585518440983
minimalist launcher,4,0.21944444444444444,0.225,0.06916610887771521
nursing assistants,4,0.21805555555555556,0.2,0.10217541198749738
baking converter,4,0.21805555555555556,0.18611111111111112,0.10766651377889236
fashion color matcher,9,0.21666666666666665,0.1833333333333333,0.09922539499717636
gesture navigation apps,8,0.21458333333333335,0.21944444444444444,0.058564357339744494
stargazing calendar,2,0.21388888888888896,0.21388888888888896,0.08249579113843056
adventure,6,0.21296296296296294,0.19166666666666665,0.09530112552718864
gratitude tracker,6,0.21296296296296294,0.20277777777777775,0.04341398003582994
physics calculator,12,0.21064814814814814,0.21666666666666667,0.06896128215320531
rhythm metronome advanced,4,0.20972222222222223,0.21666666666666665,0.03187391570010834
cocktail recipe calculator,10,0.2088888888888889,0.2166666666666667,0.0700382023915426
debate preparation apps,12,0.2064814814814815,0.18611111111111112,0.08910432646699347
habit tracking,21,0.20529100529100527,0.1944444444444444,0.16122099883213936
IPO tracker,5,0.2011111111111111,0.1833333333333333,0.09021579068482906
voice warmup coach,10,0.19833333333333333,0.20555555555555555,0.07666979775320362
Libraries and Demo,23,0.19637681159420292,0.1888888888888889,0.11985317307717454
pixel art converter,7,0.19523809523809524,0.1944444444444444,0.044609481939322786
nutrition facts scanner,7,0.19444444444444445,0.2166666666666667,0.08748897637790902
hologram apps,6,0.19351851851851853,0.15,0.16631134964450303
rizz training apps,10,0.19055555555555556,0.19444444444444448,0.08152566142330613
crypto mining monitor,5,0.18666666666666668,0.1833333333333333,0.03157393830751736
floating window utilities,5,0.18444444444444447,0.1555555555555556,0.058977920120400935
wedding planning tools,2,0.1833333333333333,0.1833333333333333,0.015713484026367706
NFT,18,0.17962962962962964,0.1666666666666667,0.08082274822323138
supply chain apps,3,0.17592592592592593,0.1666666666666667,0.021032993873334335
market heatmap apps,5,0.17444444444444446,0.2,0.05794846582402354
relationship quiz apps,6,0.17314814814814816,0.1111111111111111,0.09689097007618683
instrument tuner pro,4,0.16388888888888892,0.13611111111111115,0.08516505398197717
budget planner,4,0.15833333333333333,0.14166666666666666,0.07757911135427192
editing,1,0.15,0.15,
electrical wiring diagrams,4,0.12638888888888888,0.1222222222222222,0.008333333333333344
gift budget planner,1,0.09999999999999999,0.09999999999999999,
